FarmerID,PhoneNo
1,4840054001
2,7154162714
3,7531494543
4,5582621878
5,6513648739
6,4153283673
7,5234323661
8,2403457742
9,6789245776
10,4743331558
11,2605188272
12,6729842125
13,5479339484
14,6173393455
15,5833590222
16,9044066697
17,8267680712
18,3663294712
19,3787122417
20,8469399262
21,1571592251
22,9625619203
23,4057517223
24,8214234574
25,5375055433
26,7989839776
27,0838612333
28,0824453237
29,1883648346
30,4617826303
31,8775533103
32,7181860166
33,3986391153
34,3295472952
35,3803348690
36,3662876870
37,9784485378
38,4141726461
39,6513763664
40,1832228124
41,8871888430
42,9664963334
43,5313547253
44,5481387247
45,7286534513
46,7430476122
47,7814624614
48,6517434713
49,7685011311
50,1355626610
51,6947751460
52,2673441637
53,5370315615
54,4084695156
55,4695525861
56,7323152620
57,3516630422
58,7776996119
59,8449880853
60,3475246488
61,6289264730
62,0598527620
63,2402864641
64,4217612667
65,8861959167
66,2778944827
67,2591076523
68,3832013693
69,2259252337
70,0688728221
71,6324452223
72,2807082789
73,0285560133
74,9617189498
75,4533827374
76,8837515962
77,7185362058
78,8197221579
79,4254259272
80,2511898963
81,1475943716
82,8505764114
83,3717954877
84,3424475531
85,6385614237
86,6886343687
87,7748973222
88,3171639150
89,1350851483
90,2988702682
91,6081907444
92,1585046523
93,3885394842
94,1505367681
95,5893670594
96,3762056349
97,2032577856
98,6584688622
99,1679794395
100,7743755961
101,4675364681
102,2750856789
103,8735319651
104,1329063647
105,9951369875
106,0618590173
107,9424701839
108,3957155364
109,1791782615
110,6298316096
111,1367323127
112,1130147883
113,5146978720
114,6249272417
115,5738038914
116,8429739200
117,1498224884
118,6932340475
119,8121446337
120,7063670818
121,2860341153
122,7520743835
123,2684305136
124,3625527969
125,3318250452
126,7264667545
127,5133040963
128,4448663786
129,6518818593
130,6106358526
131,2600413823
132,4977120223
133,8614624858
134,4644974688
135,0887011215
136,6684476291
137,2707918420
138,7763982796
139,8978871857
140,9967961331
141,4526027889
142,3684220192
143,3105953305
144,3372583632
145,2169756600
146,0582855443
147,7853341983
148,7618701388
149,7245144743
150,3367932846
151,3783234658
152,6237842042
153,1413549221
154,5753318605
155,5469110638
156,4819750374
157,8773973465
158,4042361741
159,7095725561
160,8321342643
161,8662866563
162,4334715856
163,6163465639
164,3773316656
165,8854092498
166,5216374996
167,7857401392
168,8357821917
169,1327655218
170,5778414710
171,8800921183
172,6216984367
173,1608712231
174,5744416162
175,7284512391
176,8487626770
177,0862534113
178,6683362638
179,6983133993
180,2298435175
181,5211837436
182,0973526666
183,0895748771
184,9576998360
185,9018031715
186,7028773317
187,3469520674
188,2363315052
189,7018244181
190,4700389381
191,9167320032
192,8634531384
193,6636938218
194,1637938144
195,5766584359
196,3453492843
197,7678759435
198,4719119409
199,3481818694
200,8615431288
201,7114771076
202,6820862591
203,5206127130
204,8171572446
205,2292279451
206,3187645972
207,4334529935
208,8749523467
209,2511163758
210,6112477321
211,6921278854
212,9837003907
213,0636186483
214,8158241632
215,2891411113
216,2882456481
217,5872265114
218,4036611198
219,2957251415
220,3126514037
221,7511193165
222,2461474954
223,2163266771
224,3866893213
225,4812409176
226,4188178855
227,7474716236
228,5607173534
229,1278418048
230,1982612443
231,6877236574
232,3236378253
233,3732714718
234,3686115436
235,4487413732
236,2762328288
237,7355241110
238,2852762754
239,1686024476
240,9131472528
241,1247263720
242,4321412667
243,8920408324
244,1648127788
245,6926744637
246,3986523180
247,2077320414
248,0793531220
249,4566822788
250,2944450254
251,6778695383
252,6713061649
253,2761321088
254,0746866484
255,3406329397
256,4658377016
257,2435278242
258,3471579570
259,7378342778
260,2746698403
261,1667636778
262,4104828636
263,2042116647
264,2582855325
265,1735322666
266,4426663119
267,5172839792
268,8615482445
269,8307825305
270,3214722979
271,2717780668
272,6636756176
273,7166857551
274,5264812523
275,5321311465
276,8065376467
277,4178762477
278,7137758576
279,1411815334
280,4742593227
281,1164613156
282,8908821264
283,5577768297
284,3523387245
285,4645817986
286,1375817753
287,2421677788
288,4278881656
289,7767772747
290,2577745444
291,8732620877
292,9929217147
293,5239126204
294,0656962273
295,5121146479
296,3605841705
297,8188711190
298,8551515206
299,9488116219
300,8307991544
249,1075528328
78,7852094380
147,4688627554
287,8149328727
218,5833211549
17,3848981544
3,0884194669
125,7127241760
176,3674479612
127,7084118575
126,4779529748
151,2531132582
86,3766273373
164,3368713611
122,5112878975
12,6763416476
290,9915133258
251,6666698540
69,5666160378
43,5673082993
181,7014739032
109,2849869841
143,5476707152
74,8171118897
222,3581535917
35,2484223182
110,2602351680
202,1578284248
220,1389889885
10,0187858069
158,4799916392
186,3913335857
274,4792710774
297,5692141486
189,3237281888
60,1764782143
26,6124921957
263,2301419669
248,6288697619
277,8425574136
271,6505438362
218,1941860865
91,1608155541
24,1156544404
34,6828248717
266,6124206129
251,4187713582
252,5473513285
160,7494734447
51,4328487131
26,9147625461
3,4265244443
21,5674973207
253,3585593440
82,1166282727
10,8644234825
24,3612557481
94,8471222960
132,1628731311
100,6473653888
178,7345681103
222,2932311878
181,5571641177
21,6768522374
141,5731604281
170,9790365877
233,4649892638
49,8851236692
263,2718473658
106,3787654674
218,3708572672
16,5711346314
258,2376448852
215,7171400325
78,7905603350
88,6636284393
214,6355860631
227,7158569249
292,3008144330
291,2782531140
286,1725705742
17,2656333636
284,5721245528
60,8868122032
5,4488173328
196,2298757948
69,9796038212
88,2690483274
50,2215601646
252,3053539645
252,9719134621
190,9189046350
281,3773318382
156,8464969108
170,2607044337
11,7154880367
177,9302312406
6,9678487043
105,4655546252
73,9545428473
231,4262328704
129,7727375114
205,9337238603
69,5732156446
38,6013086502
257,8126875974
18,8528213297
198,4951859040
47,1328655274
212,6007867865
19,6810068740
289,3196773033
46,8483157037
103,4544077697
219,3303056776
269,9450346266
183,7143563699
128,2118563537
279,8955186877
195,7245833287
115,2496816837
11,3078622895
66,2894473668
101,8472667677
43,5272355991
60,3828531242
209,3825453397
110,7896131712
261,1115635347
172,1708576278
231,8387381644
167,6621748184
116,3544477008
108,9212614792
287,4677622388
213,7121612902
68,6368324913
247,1876111375
263,3783937093
99,6228540375
14,6373111264
69,3117783186
178,8132158074
187,6285467131
264,1297697276
64,7611633255
277,2469214228
47,4611520183
93,6746861980
153,1562834432
278,8971147526
234,7494628325
147,5349360739
74,9438134882
219,2762255377
208,8882943456
141,8965411721
10,8268234784
53,1163189876
52,9624097347
194,5383626319
298,4686717227
13,2803623434
108,2182395563
186,1159841333
261,8702499069
38,7134638642
174,1338064616
236,3017135277
189,4239231637
201,3147865511
43,8273457767
179,1597288040
266,4844242576
216,3087342833
122,3448943180
2,8811841452
116,9565550129
38,6421511262
32,8266964550
100,9257050425
78,1021624378
208,4654354978
160,1271981365
202,1875878120
102,4712023433
273,1971123291
88,9283858818
287,4017222752
297,8742878396
49,2724792111
48,7453013895
137,8668351421
261,0336308724
49,2817524990
88,7373420175
209,7736744753
286,6861392631
300,0834762754
51,5331062242